Workbook

Sheet R1
A1: 2023-05-16_NudEl_sec_struc_kinetics_R1_3s_quantified
A2: No. | B2: Label | C2: Type | D2: Volume (Int) | E2: Adj. Vol. (Int) | F2: Mean Bkgd. (Int) | G2: Abs. Quant. | H2: Rel. Quant. | I2: # of Pixels | J2: Min. Value (Int) | K2: Max. Value (Int) | L2: Mean Value (Int) | M2: Std. Dev. | N2: Area (mm2) | P2: Substrate | Q2: Time | R2: Norm value
A3: 1 | B3: U1 | C3: Unknown | D3: 5722584 | E3: 3861408 | F3: 599.99225 | G3: N/A | H3: N/A | I3: 3102 | J3: 344 | K3: 5469 | L3: 1844.8046 | M3: 1449.6561 | N3: 18.089018 | P3: linear | Q3: 0 | R3: =E3/3861408.046512 -> 1
A4: 2 | B4: U2 | C4: Unknown | D4: 4257112 | E4: 2677111.9 | F4: 509.34884 | G4: N/A | H4: N/A | I4: 3102 | J4: 339 | K4: 3821 | L4: 1372.3765 | M4: 965.9728 | N4: 18.089018 | P4: linear | Q4: 1 | R4: =E4/3861408.046512 -> 0.69329941
A5: 3 | B5: U3 | C5: Unknown | D5: 3422121 | E5: 1994936.5 | F5: 460.08527 | G5: N/A | H5: N/A | I5: 3102 | J5: 308 | K5: 2884 | L5: 1103.1983 | M5: 710.67169 | N5: 18.089018 | P5: linear | Q5: 3 | R5: =E5/3861408.046512 -> 0.51663447
A6: 4 | B6: U4 | C6: Unknown | D6: 2892309 | E6: 1498092.3 | F6: 449.45736 | G6: N/A | H6: N/A | I6: 3102 | J6: 325 | K6: 2355 | L6: 932.40135 | M6: 544.93076 | N6: 18.089018 | P6: linear | Q6: 5 | R6: =E6/3861408.046512 -> 0.38796528
A7: 5 | B7: U5 | C7: Unknown | D7: 2192022 | E7: 855132.14 | F7: 430.97674 | G7: N/A | H7: N/A | I7: 3102 | J7: 323 | K7: 1519 | L7: 706.64797 | M7: 310.60289 | N7: 18.089018 | P7: linear | Q7: 10 | R7: =E7/3861408.046512 -> 0.22145604
A8: 6 | B8: U6 | C8: Unknown | D8: 1731036 | E8: 439618.09 | F8: 416.31783 | G8: N/A | H8: N/A | I8: 3102 | J8: 310 | K8: 983 | L8: 558.03868 | M8: 158.34619 | N8: 18.089018 | P8: linear | Q8: 30 | R8: =E8/3861408.046512 -> 0.11384917
A9: 7 | B9: U7 | C9: Unknown | D9: 1546526 | E9: 286609.02 | F9: 406.16279 | G9: N/A | H9: N/A | I9: 3102 | J9: 323 | K9: 777 | L9: 498.5577 | M9: 98.474917 | N9: 18.089018 | P9: linear | Q9: 60 | R9: =E9/3861408.046512 -> 0.074223967
A10: 8 | B10: U8 | C10: Unknown | D10: 1601067 | E10: 329523.53 | F10: 409.91085 | G10: N/A | H10: N/A | I10: 3102 | J10: 304 | K10: 844 | L10: 516.14023 | M10: 129.14051 | N10: 18.089018 | P10: linear | Q10: 120 | R10: =E10/3861408.046512 -> 0.085337662
A11: 9 | B11: U9 | C11: Unknown | D11: 13567038 | E11: 10951222 | F11: 843.26744 | G11: N/A | H11: N/A | I11: 3102 | J11: 311 | K11: 13375 | L11: 4373.6422 | M11: 3712.1644 | N11: 18.089018 | P11: blunt | Q11: 0 | R11: =E11/10951222.395349 -> 1
A12: 10 | B12: U10 | C12: Unknown | D12: 9862637 | E12: 7835335.7 | F12: 653.54651 | G12: N/A | H12: N/A | I12: 3102 | J12: 290 | K12: 9105 | L12: 3179.4446 | M12: 2578.9988 | N12: 18.089018 | P12: blunt | Q12: 1 | R12: =E12/10951222.395349 -> 0.7154759
A13: 11 | B13: U11 | C13: Unknown | D13: 6925104 | E13: 5216274.7 | F13: 550.87985 | G13: N/A | H13: N/A | I13: 3102 | J13: 289 | K13: 5890 | L13: 2232.4642 | M13: 1652.2326 | N13: 18.089018 | P13: blunt | Q13: 3 | R13: =E13/10951222.395349 -> 0.47631895
A14: 12 | B14: U12 | C14: Unknown | D14: 5088409 | E14: 3664735.3 | F14: 458.95349 | G14: N/A | H14: N/A | I14: 3102 | J14: 284 | K14: 4446 | L14: 1640.364 | M14: 1203.8426 | N14: 18.089018 | P14: blunt | Q14: 5 | R14: =E14/10951222.395349 -> 0.33464166
A15: 13 | B15: U13 | C15: Unknown | D15: 3053937 | E15: 1773003.4 | F15: 412.93798 | G15: N/A | H15: N/A | I15: 3102 | J15: 261 | K15: 2477 | L15: 984.5058 | M15: 620.58059 | N15: 18.089018 | P15: blunt | Q15: 10 | R15: =E15/10951222.395349 -> 0.16190004
A16: 14 | B16: U14 | C16: Unknown | D16: 1670184 | E16: 558597.93 | F16: 358.34496 | G16: N/A | H16: N/A | I16: 3102 | J16: 270 | K16: 1005 | L16: 538.42166 | M16: 187.85945 | N16: 18.089018 | P16: blunt | Q16: 30 | R16: =E16/10951222.395349 -> 0.051007815
A17: 15 | B17: U15 | C17: Unknown | D17: 1298203 | E17: 245061.98 | F17: 339.50388 | G17: N/A | H17: N/A | I17: 3102 | J17: 247 | K17: 655 | L17: 418.50516 | M17: 97.765947 | N17: 18.089018 | P17: blunt | Q17: 60 | R17: =E17/10951222.395349 -> 0.022377591
A18: 16 | B18: U16 | C18: Unknown | D18: 1270239 | E18: 210304.84 | F18: 341.6938 | G18: N/A | H18: N/A | I18: 3102 | J18: 257 | K18: 646 | L18: 409.49033 | M18: 90.802119 | N18: 18.089018 | P18: blunt | Q18: 120 | R18: =E18/10951222.395349 -> 0.019203777
A19: 17 | B19: U17 | C19: Unknown | D19: 13803904 | E19: 11557948 | F19: 724.03488 | G19: N/A | H19: N/A | I19: 3102 | J19: 261 | K19: 13630 | L19: 4450.0013 | M19: 4081.1196 | N19: 18.089018 | P19: 3'-overhang | Q19: 0 | R19: =E19/11557947.790698 -> 1
A20: 18 | B20: U18 | C20: Unknown | D20: 8655590 | E20: 6779060.3 | F20: 604.94186 | G20: N/A | H20: N/A | I20: 3102 | J20: 281 | K20: 8734 | L20: 2790.3256 | M20: 2316.4786 | N20: 18.089018 | P20: 3'-overhang | Q20: 1 | R20: =E20/11557947.790698 -> 0.58652803
A21: 19 | B21: U19 | C21: Unknown | D21: 4335587 | E21: 2905553 | F21: 461.00388 | G21: N/A | H21: N/A | I21: 3102 | J21: 272 | K21: 3841 | L21: 1397.6747 | M21: 1024.8533 | N21: 18.089018 | P21: 3'-overhang | Q21: 3 | R21: =E21/11557947.790698 -> 0.25139004
A22: 20 | B22: U20 | C22: Unknown | D22: 2509565 | E22: 1215658.3 | F22: 417.12016 | G22: N/A | H22: N/A | I22: 3102 | J22: 270 | K22: 1889 | L22: 809.01515 | M22: 449.51771 | N22: 18.089018 | P22: 3'-overhang | Q22: 5 | R22: =E22/11557947.790698 -> 0.10517942
A23: 21 | B23: U21 | C23: Unknown | D23: 1465076 | E23: 300034.53 | F23: 375.57752 | G23: N/A | H23: N/A | I23: 3102 | J23: 277 | K23: 795 | L23: 472.30045 | M23: 118.97417 | N23: 18.089018 | P23: 3'-overhang | Q23: 10 | R23: =E23/11557947.790698 -> 0.025959153
A24: 22 | B24: U22 | C24: Unknown | D24: 1184798 | E24: 62691.581 | F24: 361.73643 | G24: N/A | H24: N/A | I24: 3102 | J24: 259 | K24: 479 | L24: 381.94649 | M24: 42.907414 | N24: 18.089018 | P24: 3'-overhang | Q24: 30 | R24: =E24/11557947.790698 -> 0.0054241101
A25: 23 | B25: U23 | C25: Unknown | D25: 1134717 | E25: 22409.535 | F25: 358.57752 | G25: N/A | H25: N/A | I25: 3102 | J25: 251 | K25: 879 | L25: 365.80174 | M25: 35.360586 | N25: 18.089018 | P25: 3'-overhang | Q25: 60 | R25: =E25/11557947.790698 -> 0.0019388853
A26: 24 | B26: U24 | C26: Unknown | D26: 1113064 | E26: 3702.2326 | F26: 357.62791 | G26: N/A | H26: N/A | I26: 3102 | J26: 257 | K26: 469 | L26: 358.82141 | M26: 35.109698 | N26: 18.089018 | P26: 3'-overhang | Q26: 120 | R26: =E26/11557947.790698 -> 0.0003203192
A27: 25 | B27: U25 | C27: Unknown | D27: 19890312 | E27: 16464020 | F27: 699.24333 | G27: N/A | H27: N/A | I27: 4900 | J27: 287 | K27: 19932 | L27: 4059.2473 | M27: 4888.7344 | N27: 28.573884 | P27: 5'-overhang | Q27: 0 | R27: =E27/16464019.666667 -> 1
A28: 26 | B28: U26 | C28: Unknown | D28: 16849144 | E28: 13656255 | F28: 651.61 | G28: N/A | H28: N/A | I28: 4900 | J28: 287 | K28: 15042 | L28: 3438.6008 | M28: 3847.1445 | N28: 28.573884 | P28: 5'-overhang | Q28: 1 | R28: =E28/16464019.666667 -> 0.82946056
A29: 27 | B29: U27 | C29: Unknown | D29: 13207202 | E29: 10460964 | F29: 560.45667 | G29: N/A | H29: N/A | I29: 4900 | J29: 276 | K29: 11619 | L29: 2695.3473 | M29: 3079.6088 | N29: 28.573884 | P29: 5'-overhang | Q29: 3 | R29: =E29/16464019.666667 -> 0.63538337
A30: 28 | B30: U28 | C30: Unknown | D30: 11751765 | E30: 9077002 | F30: 545.87 | G30: N/A | H30: N/A | I30: 4900 | J30: 267 | K30: 10243 | L30: 2398.3194 | M30: 2698.1994 | N30: 28.573884 | P30: 5'-overhang | Q30: 5 | R30: =E30/16464019.666667 -> 0.55132356
A31: 29 | B31: U29 | C31: Unknown | D31: 8923957 | E31: 6513532.7 | F31: 491.92333 | G31: N/A | H31: N/A | I31: 4900 | J31: 281 | K31: 7292 | L31: 1821.2157 | M31: 1941.9698 | N31: 28.573884 | P31: 5'-overhang | Q31: 10 | R31: =E31/16464019.666667 -> 0.39562226
A32: 30 | B32: U30 | C32: Unknown | D32: 6498385 | E32: 4193376 | F32: 470.41 | G32: N/A | H32: N/A | I32: 4900 | J32: 255 | K32: 5393 | L32: 1326.201 | M32: 1350.4489 | N32: 28.573884 | P32: 5'-overhang | Q32: 30 | R32: =E32/16464019.666667 -> 0.2546994
A33: 31 | B33: U31 | C33: Unknown | D33: 5035179 | E33: 2904610 | F33: 434.81 | G33: N/A | H33: N/A | I33: 4900 | J33: 236 | K33: 3569 | L33: 1027.5876 | M33: 880.38407 | N33: 28.573884 | P33: 5'-overhang | Q33: 60 | R33: =E33/16464019.666667 -> 0.17642168
A34: 32 | B34: U32 | C34: Unknown | D34: 4952432 | E34: 2755566 | F34: 448.34 | G34: N/A | H34: N/A | I34: 4900 | J34: 235 | K34: 4283 | L34: 1010.7004 | M34: 999.15022 | N34: 28.573884 | P34: 5'-overhang | Q34: 120 | R34: =E34/16464019.666667 -> 0.16736897

Sheet R2
A1: 2023-05-17_NudEl_sec_struc_kinetics_R2_quantified
A2: No. | B2: Label | C2: Type | D2: Volume (Int) | E2: Adj. Vol. (Int) | F2: Mean Bkgd. (Int) | G2: Abs. Quant. | H2: Rel. Quant. | I2: # of Pixels | J2: Min. Value (Int) | K2: Max. Value (Int) | L2: Mean Value (Int) | M2: Std. Dev. | N2: Area (mm2) | P2: Substrate | Q2: Time | R2: Norm value
A3: 1 | B3: U1 | C3: Unknown | D3: 4810496 | E3: 2970144.3 | F3: 593.27907 | G3: N/A | H3: N/A | I3: 3102 | J3: 349 | K3: 4785 | L3: 1550.7724 | M3: 1162.3419 | N3: 18.089018 | P3: linear | Q3: 0 | R3: =E3/2970144.325581 -> 1
A4: 2 | B4: U2 | C4: Unknown | D4: 3950331 | E4: 2403010.1 | F4: 498.81395 | G4: N/A | H4: N/A | I4: 3102 | J4: 346 | K4: 4236 | L4: 1273.4787 | M4: 966.85828 | N4: 18.089018 | P4: linear | Q4: 1 | R4: =E4/2970144.325581 -> 0.809055
A5: 3 | B5: U3 | C5: Unknown | D5: 3121971 | E5: 1615793.7 | F5: 485.55039 | G5: N/A | H5: N/A | I5: 3102 | J5: 330 | K5: 3216 | L5: 1006.4381 | M5: 696.56883 | N5: 18.089018 | P5: linear | Q5: 3 | R5: =E5/2970144.325581 -> 0.54401185
A6: 4 | B6: U4 | C6: Unknown | D6: 2538551 | E6: 1073240.7 | F6: 472.37597 | G6: N/A | H6: N/A | I6: 3102 | J6: 323 | K6: 2383 | L6: 818.35945 | M6: 491.64047 | N6: 18.089018 | P6: linear | Q6: 5 | R6: =E6/2970144.325581 -> 0.36134296
A7: 5 | B7: U5 | C7: Unknown | D7: 2043611 | E7: 616823.26 | F7: 459.95736 | G7: N/A | H7: N/A | I7: 3102 | J7: 335 | K7: 1575 | L7: 658.80432 | M7: 296.33274 | N7: 18.089018 | P7: linear | Q7: 10 | R7: =E7/2970144.325581 -> 0.20767451
A8: 6 | B8: U6 | C8: Unknown | D8: 1541135 | E8: 202513.79 | F8: 431.53488 | G8: N/A | H8: N/A | I8: 3102 | J8: 315 | K8: 828 | L8: 496.81979 | M8: 112.612 | N8: 18.089018 | P8: linear | Q8: 30 | R8: =E8/2970144.325581 -> 0.068183148
A9: 7 | B9: U7 | C9: Unknown | D9: 1458409 | E9: 159332.28 | F9: 418.78682 | G9: N/A | H9: N/A | I9: 3102 | J9: 325 | K9: 743 | L9: 470.15119 | M9: 81.696329 | N9: 18.089018 | P9: linear | Q9: 60 | R9: =E9/2970144.325581 -> 0.053644625
A10: 8 | B10: U8 | C10: Unknown | D10: 1455172 | E10: 156876.79 | F10: 418.53488 | G10: N/A | H10: N/A | I10: 3102 | J10: 315 | K10: 682 | L10: 469.10767 | M10: 86.626558 | N10: 18.089018 | P10: linear | Q10: 120 | R10: =E10/2970144.325581 -> 0.052817902
A11: 9 | B11: U9 | C11: Unknown | D11: 13539650 | E11: 11122459 | F11: 779.23643 | G11: N/A | H11: N/A | I11: 3102 | J11: 339 | K11: 14226 | L11: 4364.813 | M11: 3996.0333 | N11: 18.089018 | P11: blunt | Q11: 0 | R11: =E11/11122458.581395 -> 1
A12: 10 | B12: U10 | C12: Unknown | D12: 10150633 | E12: 8229064.2 | F12: 619.46124 | G12: N/A | H12: N/A | I12: 3102 | J12: 281 | K12: 10858 | L12: 3272.2866 | M12: 2947.4413 | N12: 18.089018 | P12: blunt | Q12: 1 | R12: =E12/11122458.581395 -> 0.73986018
A13: 11 | B13: U11 | C13: Unknown | D13: 6648251 | E13: 4961171.8 | F13: 543.86822 | G13: N/A | H13: N/A | I13: 3102 | J13: 298 | K13: 6688 | L13: 2143.2144 | M13: 1789.3274 | N13: 18.089018 | P13: blunt | Q13: 3 | R13: =E13/11122458.581395 -> 0.44604992
A14: 12 | B14: U12 | C14: Unknown | D14: 4777430 | E14: 3153977.9 | F14: 523.35659 | G14: N/A | H14: N/A | I14: 3102 | J14: 289 | K14: 4367 | L14: 1540.1128 | M14: 1133.0243 | N14: 18.089018 | P14: blunt | Q14: 5 | R14: =E14/11122458.581395 -> 0.28356841
A15: 13 | B15: U13 | C15: Unknown | D15: 3181443 | E15: 1819208.1 | F15: 439.14729 | G15: N/A | H15: N/A | I15: 3102 | J15: 273 | K15: 2922 | L15: 1025.6103 | M15: 735.97017 | N15: 18.089018 | P15: blunt | Q15: 10 | R15: =E15/11122458.581395 -> 0.16356169
A16: 14 | B16: U14 | C16: Unknown | D16: 1605089 | E16: 449882.56 | F16: 372.40698 | G16: N/A | H16: N/A | I16: 3102 | J16: 275 | K16: 942 | L16: 517.43682 | M16: 171.7628 | N16: 18.089018 | P16: blunt | Q16: 30 | R16: =E16/11122458.581395 -> 0.040448122
A17: 15 | B17: U15 | C17: Unknown | D17: 1369960 | E17: 261079.16 | F17: 357.47287 | G17: N/A | H17: N/A | I17: 3102 | J17: 267 | K17: 706 | L17: 441.63765 | M17: 102.43353 | N17: 18.089018 | P17: blunt | Q17: 60 | R17: =E17/11122458.581395 -> 0.023473152
A18: 16 | B18: U16 | C18: Unknown | D18: 1299265 | E18: 230854.44 | F18: 344.42636 | G18: N/A | H18: N/A | I18: 3102 | J18: 259 | K18: 631 | L18: 418.84752 | M18: 88.320749 | N18: 18.089018 | P18: blunt | Q18: 120 | R18: =E18/11122458.581395 -> 0.020755703
A19: 17 | B19: U17 | C19: Unknown | D19: 11312139 | E19: 9113566.4 | F19: 708.75969 | G19: N/A | H19: N/A | I19: 3102 | J19: 276 | K19: 10484 | L19: 3646.7244 | M19: 2940.0959 | N19: 18.089018 | P19: 3'-overhang | Q19: 0 | R19: =E19/9113566.44186 -> 1
A20: 18 | B20: U18 | C20: Unknown | D20: 7130628 | E20: 5391391.9 | F20: 560.68217 | G20: N/A | H20: N/A | I20: 3102 | J20: 275 | K20: 7037 | L20: 2298.7195 | M20: 1898.8425 | N20: 18.089018 | P20: 3'-overhang | Q20: 1 | R20: =E20/9113566.44186 -> 0.59157871
A21: 19 | B21: U19 | C21: Unknown | D21: 3366740 | E21: 1965405.5 | F21: 451.75194 | G21: N/A | H21: N/A | I21: 3102 | J21: 257 | K21: 2735 | L21: 1085.3449 | M21: 699.389 | N21: 18.089018 | P21: 3'-overhang | Q21: 3 | R21: =E21/9113566.44186 -> 0.21565712
A22: 20 | B22: U20 | C22: Unknown | D22: 2100202 | E22: 893391.74 | F22: 389.04264 | G22: N/A | H22: N/A | I22: 3102 | J22: 265 | K22: 1741 | L22: 677.04771 | M22: 383.51168 | N22: 18.089018 | P22: 3'-overhang | Q22: 5 | R22: =E22/9113566.44186 -> 0.098028774
A23: 21 | B23: U21 | C23: Unknown | D23: 1407523 | E23: 244970.35 | F23: 374.77519 | G23: N/A | H23: N/A | I23: 3102 | J23: 267 | K23: 747 | L23: 453.74694 | M23: 115.82974 | N23: 18.089018 | P23: 3'-overhang | Q23: 10 | R23: =E23/9113566.44186 -> 0.026879746
A24: 22 | B24: U22 | C24: Unknown | D24: 1166184 | E24: 77466.163 | F24: 350.97287 | G24: N/A | H24: N/A | I24: 3102 | J24: 279 | K24: 602 | L24: 375.94584 | M24: 38.905409 | N24: 18.089018 | P24: 3'-overhang | Q24: 30 | R24: =E24/9113566.44186 -> 0.0085000931
A25: 23 | B25: U23 | C25: Unknown | D25: 1159116 | E25: 70362.093 | F25: 350.9845 | G25: N/A | H25: N/A | I25: 3102 | J25: 288 | K25: 463 | L25: 373.66731 | M25: 32.681693 | N25: 18.089018 | P25: 3'-overhang | Q25: 60 | R25: =E25/9113566.44186 -> 0.0077205881
A26: 24 | B26: U24 | C26: Unknown | D26: 1224206 | E26: 45349.814 | F26: 380.03101 | G26: N/A | H26: N/A | I26: 3102 | J26: 266 | K26: 505 | L26: 394.65055 | M26: 42.970681 | N26: 18.089018 | P26: 3'-overhang | Q26: 120 | R26: =E26/9113566.44186 -> 0.0049760776
A27: 25 | B27: U25 | C27: Unknown | D27: 17218529 | E27: 13654675 | F27: 928.08696 | G27: N/A | H27: N/A | I27: 3840 | J27: 273 | K27: 19475 | L27: 4483.9919 | M27: 4578.122 | N27: 22.392595 | P27: 5'-overhang | Q27: 0 | R27: =E27/13654675.086957 -> 1
A28: 26 | B28: U26 | C28: Unknown | D28: 14380799 | E28: 11699825 | F28: 698.17029 | G28: N/A | H28: N/A | I28: 3840 | J28: 279 | K28: 14985 | L28: 3744.9997 | M28: 3907.3049 | N28: 22.392595 | P28: 5'-overhang | Q28: 1 | R28: =E28/13654675.086957 -> 0.85683658
A29: 27 | B29: U27 | C29: Unknown | D29: 12954670 | E29: 10324437 | F29: 684.95652 | G29: N/A | H29: N/A | I29: 3840 | J29: 309 | K29: 13041 | L29: 3373.612 | M29: 3382.211 | N29: 22.392595 | P29: 5'-overhang | Q29: 3 | R29: =E29/13654675.086957 -> 0.75611004
A30: 28 | B30: U28 | C30: Unknown | D30: 11514585 | E30: 8965200.7 | F30: 663.90217 | G30: N/A | H30: N/A | I30: 3840 | J30: 299 | K30: 11327 | L30: 2998.5898 | M30: 2935.4441 | N30: 22.392595 | P30: 5'-overhang | Q30: 5 | R30: =E30/13654675.086957 -> 0.65656638
A31: 29 | B31: U29 | C31: Unknown | D31: 9869855 | E31: 7559065.4 | F31: 601.76812 | G31: N/A | H31: N/A | I31: 3840 | J31: 296 | K31: 9378 | L31: 2570.2747 | M31: 2480.0814 | N31: 22.392595 | P31: 5'-overhang | Q31: 10 | R31: =E31/13654675.086957 -> 0.55358809
A32: 30 | B32: U30 | C32: Unknown | D32: 6875476 | E32: 4874376.9 | F32: 521.11956 | G32: N/A | H32: N/A | I32: 3840 | J32: 278 | K32: 6486 | L32: 1790.4885 | M32: 1645.6365 | N32: 22.392595 | P32: 5'-overhang | Q32: 30 | R32: =E32/13654675.086957 -> 0.35697494
A33: 31 | B33: U31 | C33: Unknown | D33: 6039563 | E33: 4140877.8 | F33: 494.44928 | G33: N/A | H33: N/A | I33: 3840 | J33: 257 | K33: 5414 | L33: 1572.8029 | M33: 1332.4748 | N33: 22.392595 | P33: 5'-overhang | Q33: 60 | R33: =E33/13654675.086957 -> 0.30325714
A34: 32 | B34: U32 | C34: Unknown | D34: 5877460 | E34: 4071338.3 | F34: 470.3442 | G34: N/A | H34: N/A | I34: 3840 | J34: 242 | K34: 5642 | L34: 1530.5885 | M34: 1438.7835 | N34: 22.392595 | P34: 5'-overhang | Q34: 120 | R34: =E34/13654675.086957 -> 0.29816442

Sheet R3
A1: 2023-05-17_NudEl_sec_struc_kinetics_R3
A2: No. | B2: Label | C2: Type | D2: Volume (Int) | E2: Adj. Vol. (Int) | F2: Mean Bkgd. (Int) | G2: Abs. Quant. | H2: Rel. Quant. | I2: # of Pixels | J2: Min. Value (Int) | K2: Max. Value (Int) | L2: Mean Value (Int) | M2: Std. Dev. | N2: Area (mm2) | P2: Substrate | Q2: Time | R2: Norm value
A3: 1 | B3: U1 | C3: Unknown | D3: 4953956 | E3: 3150407.5 | F3: 581.41473 | G3: N/A | H3: N/A | I3: 3102 | J3: 344 | K3: 5555 | L3: 1597.02 | M3: 1275.2695 | N3: 18.089018 | P3: linear | Q3: 0 | R3: =E3/3150407.511628 -> 1
A4: 2 | B4: U2 | C4: Unknown | D4: 4274135 | E4: 2699978.2 | F4: 507.46512 | G4: N/A | H4: N/A | I4: 3102 | J4: 343 | K4: 4845 | L4: 1377.8643 | M4: 1144.0204 | N4: 18.089018 | P4: linear | Q4: 1 | R4: =E4/3150407.511628 -> 0.85702507
A5: 3 | B5: U3 | C5: Unknown | D5: 3238526 | E5: 1788485.3 | F5: 467.45349 | G5: N/A | H5: N/A | I5: 3102 | J5: 343 | K5: 3352 | L5: 1044.0122 | M5: 750.65905 | N5: 18.089018 | P5: linear | Q5: 3 | R5: =E5/3150407.511628 -> 0.56769966
A6: 4 | B6: U4 | C6: Unknown | D6: 2647088 | E6: 1232395.7 | F6: 456.05814 | G6: N/A | H6: N/A | I6: 3102 | J6: 336 | K6: 2435 | L6: 853.34881 | M6: 520.37606 | N6: 18.089018 | P6: linear | Q6: 5 | R6: =E6/3150407.511628 -> 0.39118611
A7: 5 | B7: U5 | C7: Unknown | D7: 1915140 | E7: 591463.7 | F7: 426.71705 | G7: N/A | H7: N/A | I7: 3102 | J7: 320 | K7: 1408 | L7: 617.38878 | M7: 259.05708 | N7: 18.089018 | P7: linear | Q7: 10 | R7: =E7/3150407.511628 -> 0.18774197
A8: 6 | B8: U6 | C8: Unknown | D8: 1542677 | E8: 213602.26 | F8: 428.45736 | G8: N/A | H8: N/A | I8: 3102 | J8: 320 | K8: 794 | L8: 497.31689 | M8: 104.28336 | N8: 18.089018 | P8: linear | Q8: 30 | R8: =E8/3150407.511628 -> 0.067801469
A9: 7 | B9: U7 | C9: Unknown | D9: 1450226 | E9: 143815.09 | F9: 421.15116 | G9: N/A | H9: N/A | I9: 3102 | J9: 299 | K9: 697 | L9: 467.51322 | M9: 73.587522 | N9: 18.089018 | P9: linear | Q9: 60 | R9: =E9/3150407.511628 -> 0.045649679
A10: 8 | B10: U8 | C10: Unknown | D10: 1458758 | E10: 142932.88 | F10: 424.18605 | G10: N/A | H10: N/A | I10: 3102 | J10: 308 | K10: 692 | L10: 470.2637 | M10: 82.057013 | N10: 18.089018 | P10: linear | Q10: 120 | R10: =E10/3150407.511628 -> 0.045369649
A11: 9 | B11: U9 | C11: Unknown | D11: 13182235 | E11: 10632896 | F11: 821.83721 | G11: N/A | H11: N/A | I11: 3102 | J11: 327 | K11: 14571 | L11: 4249.5922 | M11: 3860.878 | N11: 18.089018 | P11: blunt | Q11: 0 | R11: =E11/10632895.976744 -> 1
A12: 10 | B12: U10 | C12: Unknown | D12: 9952624 | E12: 7894182.5 | F12: 663.58527 | G12: N/A | H12: N/A | I12: 3102 | J12: 319 | K12: 11129 | L12: 3208.4539 | M12: 2926.9374 | N12: 18.089018 | P12: blunt | Q12: 1 | R12: =E12/10632895.976744 -> 0.74243014
A13: 11 | B13: U11 | C13: Unknown | D13: 6601994 | E13: 4805034.3 | F13: 579.2907 | G13: N/A | H13: N/A | I13: 3102 | J13: 307 | K13: 6942 | L13: 2128.3024 | M13: 1789.1133 | N13: 18.089018 | P13: blunt | Q13: 3 | R13: =E13/10632895.976744 -> 0.45190269
A14: 12 | B14: U12 | C14: Unknown | D14: 4594418 | E14: 2986067.1 | F14: 518.48837 | G14: N/A | H14: N/A | I14: 3102 | J14: 294 | K14: 4973 | L14: 1481.1148 | M14: 1227.647 | N14: 18.089018 | P14: blunt | Q14: 5 | R14: =E14/10632895.976744 -> 0.28083291
A15: 13 | B15: U13 | C15: Unknown | D15: 2793331 | E15: 1359413.5 | F15: 462.25581 | G15: N/A | H15: N/A | I15: 3102 | J15: 286 | K15: 2542 | L15: 900.49355 | M15: 590.7211 | N15: 18.089018 | P15: blunt | Q15: 10 | R15: =E15/10632895.976744 -> 0.12784979
A16: 14 | B16: U14 | C16: Unknown | D16: 1413664 | E16: 269338.6 | F16: 368.89923 | G16: N/A | H16: N/A | I16: 3102 | J16: 274 | K16: 798 | L16: 455.72663 | M16: 126.18151 | N16: 18.089018 | P16: blunt | Q16: 30 | R16: =E16/10632895.976744 -> 0.025330691
A17: 15 | B17: U15 | C17: Unknown | D17: 1188608 | E17: 76336.605 | F17: 358.56589 | G17: N/A | H17: N/A | I17: 3102 | J17: 265 | K17: 660 | L17: 383.17473 | M17: 62.005104 | N17: 18.089018 | P17: blunt | Q17: 60 | R17: =E17/10632895.976744 -> 0.0071792863
A18: 16 | B18: U16 | C18: Unknown | D18: 1132889 | E18: 67676.628 | F18: 343.39535 | G18: N/A | H18: N/A | I18: 3102 | J18: 265 | K18: 511 | L18: 365.21244 | M18: 50.5446 | N18: 18.089018 | P18: blunt | Q18: 120 | R18: =E18/10632895.976744 -> 0.0063648349
A19: 17 | B19: U17 | C19: Unknown | D19: 13007829 | E19: 10710894 | F19: 740.46899 | G19: N/A | H19: N/A | I19: 3102 | J19: 309 | K19: 12811 | L19: 4193.3685 | M19: 3543.7087 | N19: 18.089018 | P19: 3'-overhang | Q19: 0 | R19: =E19/10710894.186047 -> 1
A20: 18 | B20: U18 | C20: Unknown | D20: 8423296 | E20: 6498444.9 | F20: 620.51938 | G20: N/A | H20: N/A | I20: 3102 | J20: 278 | K20: 7875 | L20: 2715.4404 | M20: 2124.326 | N20: 18.089018 | P20: 3'-overhang | Q20: 1 | R20: =E20/10710894.186047 -> 0.60671357
A21: 19 | B21: U19 | C21: Unknown | D21: 3867804 | E21: 2354412.7 | F21: 487.87597 | G21: N/A | H21: N/A | I21: 3102 | J21: 296 | K21: 3905 | L21: 1246.8743 | M21: 963.56334 | N21: 18.089018 | P21: 3'-overhang | Q21: 3 | R21: =E21/10710894.186047 -> 0.21981477
A22: 20 | B22: U20 | C22: Unknown | D22: 2267466 | E22: 877409.3 | F22: 448.11628 | G22: N/A | H22: N/A | I22: 3102 | J22: 303 | K22: 1635 | L22: 730.96905 | M22: 348.86547 | N22: 18.089018 | P22: 3'-overhang | Q22: 5 | R22: =E22/10710894.186047 -> 0.081917465
A23: 21 | B23: U21 | C23: Unknown | D23: 1403087 | E23: 177809.02 | F23: 394.99612 | G23: N/A | H23: N/A | I23: 3102 | J23: 295 | K23: 681 | L23: 452.31689 | M23: 88.29267 | N23: 18.089018 | P23: 3'-overhang | Q23: 10 | R23: =E23/10710894.186047 -> 0.016600764
A24: 22 | B24: U22 | C24: Unknown | D24: 1218494 | E24: 53344.326 | F24: 375.6124 | G24: N/A | H24: N/A | I24: 3102 | J24: 291 | K24: 516 | L24: 392.80915 | M24: 40.970555 | N24: 18.089018 | P24: 3'-overhang | Q24: 30 | R24: =E24/10710894.186047 -> 0.0049803802
A25: 23 | B25: U23 | C25: Unknown | D25: 1214479 | E25: 55930.093 | F25: 373.4845 | G25: N/A | H25: N/A | I25: 3102 | J25: 282 | K25: 555 | L25: 391.51483 | M25: 43.188918 | N25: 18.089018 | P25: 3'-overhang | Q25: 60 | R25: =E25/10710894.186047 -> 0.0052217949
A26: 24 | B26: U24 | C26: Unknown | D26: 1236271 | E26: 30446.651 | F26: 388.72481 | G26: N/A | H26: N/A | I26: 3102 | J26: 294 | K26: 514 | L26: 398.53997 | M26: 42.372221 | N26: 18.089018 | P26: 3'-overhang | Q26: 120 | R26: =E26/10710894.186047 -> 0.0028425872
A27: 25 | B27: U25 | C27: Unknown | D27: 14481015 | E27: 11432398 | F27: 982.7907 | G27: N/A | H27: N/A | I27: 3102 | J27: 280 | K27: 13823 | L27: 4668.2834 | M27: 3812.0792 | N27: 18.089018 | P27: 5'-overhang | Q27: 0 | R27: =E27/11432398.255814 -> 1
A28: 26 | B28: U26 | C28: Unknown | D28: 11898038 | E28: 9729343.2 | F28: 699.12791 | G28: N/A | H28: N/A | I28: 3102 | J28: 278 | K28: 12096 | L28: 3835.6022 | M28: 3218.6885 | N28: 18.089018 | P28: 5'-overhang | Q28: 1 | R28: =E28/11432398.255814 -> 0.85103257
A29: 27 | B29: U27 | C29: Unknown | D29: 10732325 | E29: 7800502.2 | F29: 945.13954 | G29: N/A | H29: N/A | I29: 3102 | J29: 297 | K29: 9785 | L29: 3459.8082 | M29: 2702.4504 | N29: 18.089018 | P29: 5'-overhang | Q29: 3 | R29: =E29/11432398.255814 -> 0.68231547
A30: 28 | B30: U28 | C30: Unknown | D30: 8964087 | E30: 6121284.3 | F30: 916.44186 | G30: N/A | H30: N/A | I30: 3102 | J30: 274 | K30: 9250 | L30: 2889.7766 | M30: 2385.0336 | N30: 18.089018 | P30: 5'-overhang | Q30: 5 | R30: =E30/11432398.255814 -> 0.53543309
A31: 29 | B31: U29 | C31: Unknown | D31: 6569311 | E31: 4756636.9 | F31: 584.35659 | G31: N/A | H31: N/A | I31: 3102 | J31: 264 | K31: 6217 | L31: 2117.7663 | M31: 1594.5275 | N31: 18.089018 | P31: 5'-overhang | Q31: 10 | R31: =E31/11432398.255814 -> 0.41606641
A32: 30 | B32: U30 | C32: Unknown | D32: 4339295 | E32: 2809660.3 | F32: 493.1124 | G32: N/A | H32: N/A | I32: 3102 | J32: 236 | K32: 3426 | L32: 1398.8701 | M32: 875.98459 | N32: 18.089018 | P32: 5'-overhang | Q32: 30 | R32: =E32/11432398.255814 -> 0.24576299
A33: 31 | B33: U31 | C33: Unknown | D33: 3329839 | E33: 1930873.1 | F33: 450.98837 | G33: N/A | H33: N/A | I33: 3102 | J33: 251 | K33: 2719 | L33: 1073.4491 | M33: 631.8817 | N33: 18.089018 | P33: 5'-overhang | Q33: 60 | R33: =E33/11432398.255814 -> 0.16889484
A34: 32 | B34: U32 | C34: Unknown | D34: 3348522 | E34: 2054086.3 | F34: 417.2907 | G34: N/A | H34: N/A | I34: 3102 | J34: 255 | K34: 2696 | L34: 1079.472 | M34: 656.46142 | N34: 18.089018 | P34: 5'-overhang | Q34: 120 | R34: =E34/11432398.255814 -> 0.17967238

Sheet Summarised_data
A2: Substrate | B2: Time | C2: R1 | D2: R2 | E2: R3 | F2: Mean | G2: SD
A3: linear | B3: 0 | C3: 1 | D3: 1 | E3: 1 | F3: =AVERAGE(Summarised_data!C3:E3) -> 1 | G3: =_xlfn.STDEV.S(C3:E3) -> 0
A4: linear | B4: 1 | C4: 0.69329941 | D4: 0.809055 | E4: 0.85702507 | F4: =AVERAGE(Summarised_data!C4:E4) -> 0.78645982 | G4: =_xlfn.STDEV.S(C4:E4) -> 0.084169053
A5: linear | B5: 3 | C5: 0.51663447 | D5: 0.54401185 | E5: 0.56769966 | F5: =AVERAGE(Summarised_data!C5:E5) -> 0.54278199 | G5: =_xlfn.STDEV.S(C5:E5) -> 0.025554803
A6: linear | B6: 5 | C6: 0.38796528 | D6: 0.36134296 | E6: 0.39118611 | F6: =AVERAGE(Summarised_data!C6:E6) -> 0.38016478 | G6: =_xlfn.STDEV.S(C6:E6) -> 0.016379535
A7: linear | B7: 10 | C7: 0.22145604 | D7: 0.20767451 | E7: 0.18774197 | F7: =AVERAGE(Summarised_data!C7:E7) -> 0.20562417 | G7: =_xlfn.STDEV.S(C7:E7) -> 0.016950299
A8: linear | B8: 30 | C8: 0.11384917 | D8: 0.068183148 | E8: 0.067801469 | F8: =AVERAGE(Summarised_data!C8:E8) -> 0.083277928 | G8: =_xlfn.STDEV.S(C8:E8) -> 0.026476158
A9: linear | B9: 60 | C9: 0.074223967 | D9: 0.053644625 | E9: 0.045649679 | F9: =AVERAGE(Summarised_data!C9:E9) -> 0.057839424 | G9: =_xlfn.STDEV.S(C9:E9) -> 0.014741768
A10: linear | B10: 120 | C10: 0.085337662 | D10: 0.052817902 | E10: 0.045369649 | F10: =AVERAGE(Summarised_data!C10:E10) -> 0.061175071 | G10: =_xlfn.STDEV.S(C10:E10) -> 0.021254228
A11: blunt | B11: 0 | C11: 1 | D11: 1 | E11: 1 | F11: =AVERAGE(Summarised_data!C11:E11) -> 1 | G11: =_xlfn.STDEV.S(C11:E11) -> 0
A12: blunt | B12: 1 | C12: 0.7154759 | D12: 0.73986018 | E12: 0.74243014 | F12: =AVERAGE(Summarised_data!C12:E12) -> 0.73258874 | G12: =_xlfn.STDEV.S(C12:E12) -> 0.014875758
A13: blunt | B13: 3 | C13: 0.47631895 | D13: 0.44604992 | E13: 0.45190269 | F13: =AVERAGE(Summarised_data!C13:E13) -> 0.45809052 | G13: =_xlfn.STDEV.S(C13:E13) -> 0.01605523
A14: blunt | B14: 5 | C14: 0.33464166 | D14: 0.28356841 | E14: 0.28083291 | F14: =AVERAGE(Summarised_data!C14:E14) -> 0.29968099 | G14: =_xlfn.STDEV.S(C14:E14) -> 0.030307708
... A34: 5'-overhang | B34: 120 | C34: 0.16736897 | D34: 0.29816442 | E34: 0.17967238 | F34: =AVERAGE(Summarised_data!C34:E34) -> 0.21506859 | G34: =_xlfn.STDEV.S(C34:E34) -> 0.072225556

Sheet Data_for_plot
A1: Substrate | B1: Time | C1: Mean | D1: SD
A2: linear | B2: 0 | C2: 1 | D2: 0
A3: linear | B3: 1 | C3: 0.78645982 | D3: 0.084169053
A4: linear | B4: 3 | C4: 0.54278199 | D4: 0.025554803
A5: linear | B5: 5 | C5: 0.38016478 | D5: 0.016379535
A6: linear | B6: 10 | C6: 0.20562417 | D6: 0.016950299
A7: linear | B7: 30 | C7: 0.083277928 | D7: 0.026476158
A8: linear | B8: 60 | C8: 0.057839424 | D8: 0.014741768
A9: linear | B9: 120 | C9: 0.061175071 | D9: 0.021254228
A10: blunt | B10: 0 | C10: 1 | D10: 0
A11: blunt | B11: 1 | C11: 0.73258874 | D11: 0.014875758
A12: blunt | B12: 3 | C12: 0.45809052 | D12: 0.01605523
A13: blunt | B13: 5 | C13: 0.29968099 | D13: 0.030307708
... A33: 5'-overhang | B33: 120 | C33: 0.21506859 | D33: 0.072225556
